<?xml version="1.0"?>
<ruleset name="wp-cubi">
  <description>wp-cubi coding standards</description>

  <!-- Scan all files in directory -->
  <file>.</file>

  <!-- Scan only PHP files -->
  <arg name="extensions" value="php"/>

  <!-- Ignore dependencies -->
  <exclude-pattern>/vendor/</exclude-pattern>
  <exclude-pattern>/web/wp/</exclude-pattern>
  <exclude-pattern>/web/app/modules/</exclude-pattern>
  <exclude-pattern>/web/app/mu-modules/*/</exclude-pattern>

  <!-- Ignore local files -->
  <exclude-pattern>/config/vars.*</exclude-pattern>
  <exclude-pattern>/config/local.php</exclude-pattern>
  <exclude-pattern>/config/salt-keys.php</exclude-pattern>

  <!-- Ignore RoboFile.php -->
  <exclude-pattern>/RoboFile.php</exclude-pattern>

  <!-- Show colors in console -->
  <arg value="-colors"/>

  <!-- Show sniff codes in all reports -->
  <arg value="ns"/>

  <!-- Use PSR-2 as a base -->
  <rule ref="PSR2"/>

  <!-- Custom rule: disallow long `array()` syntax, use short `[]` syntax instead -->
  <rule ref="Generic.Arrays.DisallowLongArraySyntax"/>
</ruleset>
