{
	"exclude": [
		".git/**",
		"node_modules/**"
	],
	"verbose": true,

	"always-semicolon": true,
	"block-indent": "\t",
	"color-case": "lower",
	"color-shorthand": true,
	"element-case": "lower",
	"eof-newline": true,
	"leading-zero": true,
	"quotes": "double",
	"remove-empty-rulesets": true,
	"rule-delimiter": "\n\n",
	"sort-order-fallback": "abc",
	"space-after-colon": " ",
	"space-after-combinator": " ",
	"space-after-opening-brace": "\n",
	"space-after-selector-delimiter": "\n",
	"space-before-closing-brace": "\n",
	"space-before-colon": "",
	"space-before-combinator": " ",
	"space-before-opening-brace": " ",
	"space-before-selector-delimiter": "",
	"space-between-declarations": "\n",
	"strip-spaces": true,
	"unitless-zero": true,
	"sort-order": [
		[
			"$variable",
			"$include",
			"$import"
		],

		[
			"-moz-animation",
			"-ms-animation",
			"-o-animation",
			"-webkit-animation",
			"animation",
			"-moz-animation-delay",
			"-ms-animation-delay",
			"-o-animation-delay",
			"-webkit-animation-delay",
			"animation-delay",
			"-moz-animation-direction",
			"-ms-animation-direction",
			"-o-animation-direction",
			"-webkit-animation-direction",
			"animation-direction",
			"-moz-animation-duration",
			"-ms-animation-duration",
			"-o-animation-duration",
			"-webkit-animation-duration",
			"animation-duration",
			"-moz-animation-iteration-count",
			"-ms-animation-iteration-count",
			"-o-animation-iteration-count",
			"-webkit-animation-iteration-count",
			"animation-iteration-count",
			"-moz-animation-name",
			"-ms-animation-name",
			"-o-animation-name",
			"-webkit-animation-name",
			"animation-name",
			"-moz-animation-play-state",
			"-ms-animation-play-state",
			"-o-animation-play-state",
			"-webkit-animation-play-state",
			"animation-play-state",
			"-moz-animation-timing-function",
			"-ms-animation-timing-function",
			"-o-animation-timing-function",
			"-webkit-animation-timing-function",
			"animation-timing-function",
			"-moz-backface-visibility",
			"-webkit-backface-visibility",
			"backface-visibility",
			"background",
			"background-attachment",
			"-moz-background-clip",
			"-webkit-background-clip",
			"background-clip",
			"background-color",
			"background-image",
			"background-origin",
			"background-position",
			"-ms-background-position-x",
			"background-position-x",
			"-ms-background-position-y",
			"background-position-y",
			"background-repeat",
			"-moz-background-size",
			"-o-background-size",
			"-webkit-background-size",
			"background-size",
			"border",
			"border-bottom",
			"border-bottom-color",
			"-webkit-border-bottom-left-radius",
			"border-bottom-left-radius",
			"-webkit-border-bottom-right-radius",
			"border-bottom-right-radius",
			"border-bottom-style",
			"border-bottom-width",
			"border-collapse",
			"border-color",
			"-moz-border-image",
			"-o-border-image",
			"-webkit-border-image",
			"border-image",
			"-moz-border-image-outset",
			"-o-border-image-outset",
			"-webkit-border-image-outset",
			"border-image-outset",
			"-moz-border-image-repeat",
			"-o-border-image-repeat",
			"-webkit-border-image-repeat",
			"border-image-repeat",
			"-moz-border-image-slice",
			"-o-border-image-slice",
			"-webkit-border-image-slice",
			"border-image-slice",
			"-moz-border-image-source",
			"-o-border-image-source",
			"-webkit-border-image-source",
			"border-image-source",
			"-moz-border-image-width",
			"-o-border-image-width",
			"-webkit-border-image-width",
			"border-image-width",
			"border-left",
			"border-left-color",
			"border-left-style",
			"border-left-width",
			"-moz-border-radius",
			"-webkit-border-radius",
			"border-radius",
			"-moz-border-radius-bottomleft",
			"-moz-border-radius-bottomright",
			"-moz-border-radius-topleft",
			"-moz-border-radius-topright",
			"border-right",
			"border-right-color",
			"border-right-style",
			"border-right-width",
			"border-spacing",
			"border-style",
			"border-top",
			"border-top-color",
			"-webkit-border-top-left-radius",
			"border-top-left-radius",
			"-webkit-border-top-right-radius",
			"border-top-right-radius",
			"border-top-style",
			"border-top-width",
			"border-width",
			"box-decoration-break",
			"-moz-box-shadow",
			"-webkit-box-shadow",
			"box-shadow",
			"-moz-box-sizing",
			"-webkit-box-sizing",
			"box-sizing",
			"caption-side",
			"clear",
			"clip",
			"color",
			"content",
			"counter-increment",
			"counter-reset",
			"cursor",
			"display",
			"empty-cells",
			"-ms-filter:\\'progid:DXImageTransform.Microsoft.Alpha",
			"-ms-filter:\\'progid:DXImageTransform.Microsoft.gradient",
			"filter:progid:DXImageTransform.Microsoft.Alpha(Opacity",
			"filter:progid:DXImageTransform.Microsoft.AlphaImageLoader",
			"filter:progid:DXImageTransform.Microsoft.gradient",
			"flex-align",
			"flex-direction",
			"flex-order",
			"flex-pack",
			"float",
			"font",
			"font-effect",
			"font-emphasize",
			"font-emphasize-position",
			"font-emphasize-style",
			"font-family",
			"font-size",
			"font-size-adjust",
			"-moz-osx-font-smoothing",
			"-webkit-font-smoothing",
			"font-smooth",
			"font-stretch",
			"font-style",
			"font-variant",
			"font-weight",
			"height",
			"-moz-hyphens",
			"-webkit-hyphens",
			"hyphens",
			"-ms-interpolation-mode",
			"letter-spacing",
			"line-height",
			"list-style",
			"list-style-image",
			"list-style-position",
			"list-style-type",
			"margin",
			"margin-bottom",
			"margin-left",
			"margin-right",
			"margin-top",
			"max-height",
			"max-width",
			"min-height",
			"min-width",
			"nav-down",
			"nav-index",
			"nav-left",
			"nav-right",
			"nav-up",
			"opacity",
			"outline",
			"outline-color",
			"outline-offset",
			"outline-style",
			"outline-width",
			"overflow",
			"-ms-overflow-x",
			"overflow-x",
			"-ms-overflow-y",
			"overflow-y",
			"padding",
			"padding-bottom",
			"padding-left",
			"padding-right",
			"padding-top",
			"pointer-events",

			"position",
			"top",
			"right",
			"bottom",
			"left",

			"quotes",
			"resize",
			"src",
			"-moz-tab-size",
			"-o-tab-size",
			"tab-size",
			"table-layout",
			"text-align",
			"-moz-text-align-last",
			"-ms-text-align-last",
			"-webkit-text-align-last",
			"text-align-last",
			"text-decoration",
			"text-emphasis",
			"text-emphasis-color",
			"text-emphasis-position",
			"text-emphasis-style",
			"text-indent",
			"-ms-text-justify",
			"text-justify",
			"text-outline",
			"-ms-text-overflow",
			"text-overflow",
			"text-overflow-ellipsis",
			"text-overflow-mode",
			"text-rendering",
			"text-shadow",
			"text-transform",
			"text-wrap",
			"-moz-transform",
			"-ms-transform",
			"-o-transform",
			"-webkit-transform",
			"transform",
			"-moz-transform-origin",
			"-ms-transform-origin",
			"-o-transform-origin",
			"-webkit-transform-origin",
			"transform-origin",
			"-moz-transition",
			"-ms-transition",
			"-o-transition",
			"-webkit-transition",
			"transition",
			"-moz-transition-delay",
			"-ms-transition-delay",
			"-o-transition-delay",
			"-webkit-transition-delay",
			"transition-delay",
			"-moz-transition-duration",
			"-ms-transition-duration",
			"-o-transition-duration",
			"-webkit-transition-duration",
			"transition-duration",
			"-moz-transition-property",
			"-ms-transition-property",
			"-o-transition-property",
			"-webkit-transition-property",
			"transition-property",
			"-moz-transition-timing-function",
			"-ms-transition-timing-function",
			"-o-transition-timing-function",
			"-webkit-transition-timing-function",
			"transition-timing-function",
			"-moz-user-select",
			"-ms-user-select",
			"-webkit-user-select",
			"user-select",
			"vertical-align",
			"visibility",
			"white-space",
			"width",
			"-ms-word-break",
			"word-break",
			"word-spacing",
			"-ms-word-wrap",
			"word-wrap",
			"-ms-writing-mode",
			"z-index",
			"zoom"
		]
	]
}
